D1,D2,D3,rX,rY,gX,gY
288,139,436,266.6466667,88.82242991,217,39
277,154,440,259.4208333,77.46845794,201,29
262,170,441,244.7775,66.99415888,181,21
242,189,441,225.0091667,55.21845794,161,17
218,211,442,201.8783333,41.28971963,141,17
193,233,444,178.5125,27.2161215,115,17
171,233,448,174.8125,13.69275701,89,21
147,266,448,141.0075,4.776869159,69,27
125,266,448,136.0208333,-2.213785047,53,39
104,294,451,108.1275,-10.98247664,39,61
88,306,450,92.81666667,-13.51869159,37,83
