D1,D2,D3,rX,rY,gX,gY
291,119,411,261.4066667,115.58878500000002,30,244
299,105,401,263.8,130.588785,46,256
305,105,391,266.82,134.8224299,54,272
314,91,391,269.4358333,150.5829439,56,284
322,61,374,270.4383333,171.7196262,58,304
332,50,364,271.7733333,187.9813084,60,318
343,50,364,277.9608333,196.6553738,62,332
356,41,356,282.09833330000004,214.0,64,350
361,35,349,281.7333333,223.953271,68,364
363,32,344,280.3875,229.69275699999997,72,376
364,29,342,279.955,232.14485980000003,76,396
