D1,D2,D3,rX,rY,gX,gY
286,116,414,262.24,109.32710279999999,20,238
295,116,397,255.1083333,131.5420561,34,248
305,77,381,262.28,153.0934579,50,262
312,77,365,255.9325,172.0829439,58,280
322,65,349,254.5358333,192.8352804,58,304
331,58,338,254.5708333,208.52920559999998,56,324
342,56,329,256.1175,224.19042059999998,56,344
351,59,323,257.48,236.046729,58,366
359,59,323,262.2133333,242.68224300000003,60,382
363,61,320,262.6125,248.30957940000002,58,404
382,114,291,260.7558333,275.7978972,58,416
