D1,D2,D3,rX,rY,gX,gY
321,89,331,237.64,206.38317759999998,236,278
307,95,342,234.6425,187.463785,226,260
295,95,352,234.4058333,170.9170561,222,244
287,99,352,229.2325,165.47780369999998,220,228
284,101,363,233.6925,154.2885514,222,208
286,101,381,245.8025,139.97546730000002,220,188
292,100,381,249.0275,144.0268692,218,168
301,97,389,259.5933333,143.0654206,220,154
310,97,396,268.755,143.0700935,226,146
316,102,397,270.8875,146.5315421,236,144
319,114,398,270.6758333,147.828271,250,140
