D1,D2,D3,rX,rY,gX,gY
172,227,306,90.475,139.1728972,95,167
176,226,306,92.39,140.7990654,105,179
184,223,303,95.5125,146.2978972,113,193
196,217,299,101.7058333,154.4380841,121,207
212,210,293,109.1675,166.213785,129,221
230,210,293,115.7975,175.5081776,134,233
247,195,275,124.16,196.9252336,139,249
265,187,264,131.9925,214.6179907,145,267
282,182,253,138.0775,232.125,149,281
297,178,241,142.775,249.1962617,151,297
312,176,231,147.6341667,265.3820093,153,315