D1,D2,D3,rX,rY,gX,gY
230,165,394,201.745,94.44859813,247,65
213,179,386,182.2425,92.94042056,227,79
195,194,386,166.7975,84.36098131,209,85
174,211,383,146.305,78.89719626,195,89
153,247,387,116.30666670000001,66.38317757,173,87
134,247,392,115.00833329999999,55.46261682,149,81
117,264,395,98.94166667,47.71962617,133,77
102,281,395,80.7625,43.88200935,119,73
90,294,397,67.70416667,39.33995327,103,69
83,304,396,56.0675,38.85163551,87,65
78,313,393,48.97166667,39.75700935,71,63
